191|css17|member
191|ng32|member
165|ng32|member
193|msp94|member
191|hdc38|member
646|tc629|approver
614|tc629|approver
646|gm52|member
614|gm52|member
646|abk95|member
646|mmp246|member
609|mmp246|member
542|drj4|approver
542|mmp246|member
542|sb2275|member
543|drj4|approver
543|mmp246|member
543|sb2275|member
544|drj4|approver
544|mmp246|member
544|sb2275|member
545|drj4|approver
545|mmp246|member
545|sb2275|member
546|drj4|approver
546|mmp246|member
546|sb2275|member
547|drj4|approver
547|mmp246|member
547|sb2275|member
548|drj4|approver
548|mmp246|member
548|sb2275|member
549|drj4|approver
549|mmp246|member
549|sb2275|member
550|drj4|approver
550|mmp246|member
550|sb2275|member
553|drj4|approver
553|mmp246|member
553|sb2275|member
554|drj4|approver
554|mmp246|member
554|sb2275|member
556|drj4|approver
556|mmp246|member
556|sb2275|member
557|drj4|approver
557|mmp246|member
557|sb2275|member
558|drj4|approver
558|mmp246|member
558|sb2275|member
351|sjr37|member
351|gmk8|member
