Code	Name	program code	source code	match	owner	approver	member
001	Cargill Nutrition Ed. - Reach Mothers w/ Child	300	70	1	ljp9		
017	EFNEP 10/1/17-9/30/18	301	11	1	ljp9		
020	SNAP-ED 10/1/16-09/30/17	303	31	1	ljp9		
027	FL ESNY 10/1/17-9/30/18	303	31	1	ljp9		
029	Cooking Matters-PEAKS	300	40	1	ljp9		
033	Share Our Strength-Taste of the Nation	300	70	1	ljp9		
035	Cooking Matters at the Store	300	70	1	ljp9		
039	2016 Park- Virtual Commercial Kitchen	300	70	1	ljp9		
040	2016 Feeding Change	300	70	1	ljp9		
041	Cooking Class Enterprise	300	50	1	ljp9		
072	Seed to Table Afterschool Program	300	40	1	ljp9		
078	HFFA UW Feeding Change	300	70	1	ljp9		evk4
079	2016 Park- Know Your Farmer	100	70	1	mr55		
082	2012-2014 Park Healthy Food for All	100	70	1	ljp9		
090	Community Support Agriculture (CSA)/HFFA	100	70	1	ljp9		evk4
094	2015 HFFA Howland Foundation	100	70	1	ljp9		
097	2015 HFFA United Way Hunger & Food Security	300	70	1	ljp9		
101	Southern Tier  Ag.  Programs, Regional	109	71	1	mr55		
102	Culinary Cuts	100	15	1	mr55		mnl28
103	County Agriculinary Tourism	100	33	1	mr55		
108	2015 NYFVI	100	21	1	mr55		
111	Ag and Farmland, AFPB	100	33	1	mr55		dlt22
112	Farm-City Day, FCD	100	40	1	mr55		dlt22
124	Hatch-Expanding the Beef Industry	100	13	1	mr55		mnl28
127	USDA FMPP-"Meat Locker Concept"	100	12	1	mr55		
129	Groundswell	100	71	1	mr55		
131	Ag Tourism	100	70	1	mr55		
132	2017 Risk Management	100	12	1	mr55		
133	Park-Securing a Future for Farming	100	70	1	mr55		
140	Ithaca Children's Garden	100	70	1	mr55		enm6
141	Citizen Pruners	100	34	1	mr55		
148	Comm.Beautification-Operations/Non-Plant	100	70	1	mr55		
149	Van #4-Chrysler	100	40	1	mr55		
152	University of Delaware - Profitable Meat Mrkt						new?
153	Park - Seed to Supper	100	70	1			
163	Park Energy Efficiency	400	70	1	ska2	gm52	gah225/aer86
164	NYSERDA Woodstove Changeout	401	70	1	ska2		gm52
165	Cost to Live	200	70	1	ska2	dm773	ng32
191	Way2Go 10/01/09-	200	33	1	ska2	dm773	ng32/css17/mjc72
193	Regional Way 2 Go	200	33	1	ska2	dm773	msp94
201	2016 CJC NLI Leadership	300	33	1	mjh17		
250	County Public Information	300	33	1	ks47		
251	Prisoner Re-entry Support in the Community	300	70	1	ks47		
259	Radon 	300	33	1	ska2		gm52
260	Lead	300	33	1	ljp9		
347	CCE Niagara Local Food Platform	300	34	1	ks47		
351	CCE Statewide Website Devlp. (Think Topography)	693	51	1	ks47		sjr37/gmk8
449	2016 NLI Community Fnd- Collective Impact	300	70	1	mjh17		
453	2016 Park -NLI From Scarcity to Abundance	300	70	1	mjh17		
459	Better Together (Park Fnd)	300	70	1	met38		
463	Family Resource Connection-Tompkins 9/13-8/14	300	21	1	met38		ahs38/ebw52
470	Natural Leaders-General	300	50	1	mjh17		
474	NLI Grad Conference Scholarships	300	70	1	mjh17		
477	2014 Family Treatment Court	300	33	1	ljp9		ahs38
481	Parenting Workshops-(PSWS)	300	33	1	met38		ahs38
482	Parent-Facilitated Visits-DSS	300	33	1	met38		ahs38
483	2014 CJC- Healthy Families	300	33	1	met38		
490	Multicultural Resource Center	300	70	1	fb29		
492	MRC-First Peoples Festival	300	70	1	fb29		
493	MRC-Talking Circles	300	70	1	fb29		
494	MRC-Sister Friends	300	70	1	fb29		
497	MRC Youth Org Fellowship	300	70	1	fb29		
498	MRC New Jim Crow Book Read	300	70	1	fb29		
499	MRC Debate	300	70	1	fb29		
500	RYS #2- Fee for Service	500	50	1	sjl44		
501	RYS - Coordinator	501	33	1	sjl44		
502	Danby - RYS	501	33	1	sjl44		
503	Danby - Youth Employment	501	34	1	sjl44		
504	Dryden - RYS,	501	34	1	sjl44		
505	Dryden - Youth Employment	501	34	1	sjl44		
506	2010 OURS Grant	501	34	1	sjl44		
507	VAN #6 - 2010 OURS Program	501	34	1	sjl44		
508	Enfield - RYS,	501	33	1	sjl44		
511	Groton - RYS	501	34	1	sjl44		
512	Groton - RYS - Summer	501	50	1	sjl44		
514	JYC-RYS Youth Employment Coordination	501	34	1	sjl44		
518	Lansing - RYS,	501	34	1	sjl44		
520	Trumansburg/Ulysses - RYS	501	34	1	sjl44		
521	Big Friend / Little Friend in T-burg	501	70	1	sjl44		
522	Van #2	501	33	1	sjl44		
524	RYS Girls Ventures	501	70	1	sjl44		
542	PP Arnot Improvements	604	71	1	ks47		drj4
543	PP - AS	501	50	1	drj4		
544	Primitive Pursuits School Break	501	50	1	drj4		
545	Primitive Pursuits WY	501	50	1	drj4		
546	Primitive Pursuits WSI	501	50	1	drj4		
547	Primtive Pursuits Teens	501	50	1	drj4		
548	Primitive Pursuits Homeschool	501	50	1	drj4		
549	Primitive Pursuits Arnott	501	50	1	drj4		
550	Primitive Pursuits -Summer	501	50	1	drj4		
554	Primitive Pursuits-Main Acct	501	50	1	drj4		
556	Primitive Pursuits Adult Programs	501	50	1	drj4		
557	Primitive Pursuits Preschool Programs	501	50	1	drj4		
558	Primitive Pursuits Lily Glidden Scholarship Fnd	501	41	1	drj4		
559	Primitive Pursuits-LI	501	50	1	drj4		
560	Mentor Student Program	501	70	1	met38		
569	2016-2017 4H Tech Wizards	501	17	1	met38		
570	Urban Outreach	501	70	1	met38		rlc263
571	Urban Outreach - Summer	501	50	1	met38		rlc263
585	2016-2017 Park Fnd - UO Northside Teen Prg	501	70	1	met38		rlc263
590	IURA 2017-18 Food Entrepreneurship Prg	300	70	1	ljp9		
596	College and Career Readiness	500	30	1	ks47		
608	Park Renewable Energy Alts for Dryden Pipeline	400	70	1	ks47		
609	Energy Smart Community	400	70	1	ska2		mjc72
613	NYS WQIP	400	25	1	ska2		
614	Clean Energy Communities	400	23	1	ska2	gm52	tc629/ebb86
618	NYS Wood Energy Team-Model Neighborhood	400	23	1	ska2		gm52
632	2010 Park Fnd-Pellet Stove Project	400	70	1	ks47		gm52
636	2012-16 Park- Get Your Green Back	400	70	1	ks47		
642	14 ST Bulk Pellet-NYSERDA	401	25	1	ska2		gm52
645	2030 District	400	23	1	ska2		gm52
646	2015 Renewable NY	400	23	1	ska2	gm52	abk95/gah225
649	NYOCFS 2017-2019 Energy Warriors	400	21	1	ska2	aaa247	lrk57/dmk19
650	GYGB Gaining Insights Project with Tomp. Co.	400	16	1	ks47		
655	GYGB Tompkins County Tourism 2017	400	33	1	ks47		karim beers
720	Studend Engagement	600	71	1	ks47		
721	OMH Obesity	300	30	1	lara or ken?		
750	Compost / Master Composter	400	33	1	ska2		acm1/mjc72
758	Tompkins Re-entry Project	300	33	1	ks47		
759	Park URO Project	300	70	1	ks47		Tali Mugambee
801	Administration	600	30	1	ks47		
802	Ag/Env. Programs- General	100	30	1	mr55		
804	Food and Nutrition Education	300	30	1	ljp9		
805	Consumer Finance Education	300	30	1	ljp9		
806	Family Education, FCD	300	30	1	met38		
807	4-H Youth Dev. General	501	30	1	met38		
808	Environment	400	30	1	ks47		ska2/mjc72
809	Annual Report	600	30	1	ks47		
810	Unsupported Salaries	600	51	1	ks47		
811	Capital Campaign Funds	603	41	1	ks47		
812	Program Support Fees	600	51	1	ks47		
813	IT Support Fees	600	51	1	ks47		
868	History Center	604	51	1	ks47		
869	Ken's Suspense Account	600	51	1	ks47		
870	Sciencenter IT Support Enterprise Acct.	600	70	1	ks47		
871	Teaching Kitchen Enterprise Acct.	604	51	1	ljp9		
872	2013 Diversity Consortium	300	50	1	fb29		
888	Peaks -Fundraising Acct	600	40	1	ks47		
910	Ag/Env. Roth Suspense Account	100	51	1	mr55		
911	Demonstration Gardens	100	44	1	mr55		
913	Buy Local	200	50	1	mr55		
914	MG Operations	114	50	1	mr55		
915	Master Gardeners Trips/Training	114	50	1	mr55		
916	Garden Fair,  MG	114	44	1	mr55		
917	Garden Fair, Ag	100	44	1	mr55		
918	Horticulture  classes	100	50	1	mr55		
919	Agri-business Classes	100	50	1	mr55		
920	Ag in the Classroom, AITC (MR)	100	50	1	mr55		
921	Van #5-Flower Van-Ford	100	70	1	mr55		
924	ABC Caf√© Fundraiser	300	44	1	ljp9		
925	Food/Nutrition Kaltman Suspense Acct	300	51	1	ljp9		
927	M. LeRoux Marketing Travel Acct.	100	51	1	mr55		mnl28
933	Family Ed Potter Suspense Account	300	51	1	met38		
934	Parents Apart-Helping Children Cope	300	50	1	met38		
950	Consumer Fin. Ed. Fisher Suspense Acct	300	51	1	ljp9		
952	Food Preservation	300	50	1	ljp9		
970	4-H Tifft Suspense Account	501	51	1	met38		
971	4-H Acres	501	51	1	met38		
972	$5 Raffle  (Gambling income/expense only)	501	44	1	met38		
973	Duck Events & Other Fundraising	501	44	1	met38		
974	4-H Youth Fair	501	44	1	met38		
975	4-H Camperships	501	50	1	met38		
976	4-H Private Support	501	40	1	met38		
979	4-H Animal Science P	501	50	1	met38		
981	4-H Consumer and Family Science P  (CFSP)	501	50	1	met38		
983	CFF Workshops	501	50	1	met38		
984	4-H Teen Program P	501	40	1	met38		
985	4-H Club Membership Fees	501	50	1	met38		
986	4-H Public Presentations	501	40	1	met38		
987	4-H Judy Taylor Scholarship Fund	501	41	1	met38		
988	Natural Resources-PEST	501	40	1	met38		
989	State Fair	501	40	1	met38		
990	Environment Anderson Suspense Account	400	51	1	ks47		ska2
991	Environmental classes	400	50	1	ska2		gm52
992	Compost Classes	400	50	1	ska2		acm1