Name	Address 1	Address 2	City	State	Zip	County	Contact Phone	Hours of Operation	Website	Facebook	Free Range?	Vegetarian/Vegan?	Organic?	Handicap Accessible?	Family-friendly?	Senior Discounts?	Military Discounts?	Family-owned?	Category 1	Category 2	Category 3	Category 4	Category 5	Category 6	Offering 1	Offering 2	Offering 3	Offering 4	Offering 5	Offering 6	Banner Photo	Photo 1	Photo 2	Photo 3	Photo 4	Photo 5	Photo 6
Niagara Falls City Market	Pine Ave. Market Square	between 18th & 19th streets	Niagara Falls	NY	14301	Niagara 	716-754-0798	Mon/Wed/Fri 9am-5pm year round	N/A	https://www.facebook.com/Niagara-Falls-City-Market-1490282974380236/		Yes		Yes	yes				Farmers Market						specialty fruit	specialty vegetables	specialty meat	apples	potatoes	greens	https://i.imgur.com/zB5Ycsd.jpg	https://i.imgur.com/taAE4VY.jpg	https://i.imgur.com/9iZfreo.jpg	https://i.imgur.com/ULzjXsR.jpg	https://i.imgur.com/VWIOZbW.jpg	https://i.imgur.com/Xfz24gN.jpg	https://i.imgur.com/9NnrVpH.jpg
North Tonawanda City Farmers' Market	Robinson Road at Payne Ave.		North Tonawanda	NY	14120	Niagara 	716-695-8541	Tue/Thu/Sat 7am-1pm year round	http://www.northtonawanda.org/Departments/City%20Market.htm			Yes			Yes				Farmers Market						specialty fruit	specialty vegetables	specialty meat	prepared food	flowers	skincare/home products	https://i.imgur.com/kRApM1t.jpg	https://i.imgur.com/wlHP6rG.jpg	https://i.imgur.com/ztd8r9l.jpg				
McCollum Orchards	248 N. Adam Street		Lockport	NY	14094	Niagara 	716-730-0703	Call for hours/appointment	http://www.oldfarmnewlife.com/	https://www.facebook.com/McCollum-Orchards-207955509225478/		Yes			Yes				CSA						specialty vegetables	apples	garlic	greens	herbs	tomatoes	http://1.bp.blogspot.com/-8uFscm6SO5I/UzRb2-aXF0I/AAAAAAAABtE/-CXnJ1OHHR4/s1208/banner%2Bfacebook%2B3-14.JPG	http://1.bp.blogspot.com/-VTtdV6aKKWA/VKcVqy_A_9I/AAAAAAAAAjw/EAsM8iEu71E/s1600/20140623_143144.jpg	https://3.bp.blogspot.com/-Hnr74IXd4xs/VsiCWulCKvI/AAAAAAAAB9k/fYyhxwoKlkk/s1600/CSA%2Bshares.JPG				
Season of Alpacas	5912 Wynkoop Road		Lockport	NY	14094	Niagara 	716-433-1198		http://www.seasonofalpacas.com/						Yes				Gift Shop & Specialty Products						fiber	specialty shop					http://www.seasonofalpacas.com/dwt_dwt/graphics/web_head2.jpg	http://www.seasonofalpacas.com/bios/regan/Regan1.jpg					
LaRose's Farm Market & Garden Center	5759 Ridge Road		Lockport	NY	14094	Niagara	716-433-9352	Open daily 9-6 seasonally	http://larosegardencenter.com/	https://www.facebook.com/LaRoses-Farm-Market-and-Garden-Center-822243431186419/					Yes				Farm Market	Nursery & Plants					flowers	pumpkins/gourds	squash	strawberries	specialty vegetables	specialty fruits	http://larosegardencenter.com/images/Thumbnails/tn_20170916_103508.jpg						
Boka Farms Inc.	6021 Campbell Blvd.		Lockport	NY	14094	Niagara	716-625-9664	Open during spring and summer	N/A	https://www.facebook.com/Boka-Farms-1413002325647734/		Yes			Yes				Farm Market	Nursery & Plants					flowers	nursery plants	specialty shop	pumpkins			https://scontent-lga3-1.xx.fbcdn.net/v/t1.0-9/10420105_1413008402313793_8449347522477773296_n.jpg?oh=700b2d312e544927ef7fe1fe28ae1080&oe=5AAFA954	https://scontent-lga3-1.xx.fbcdn.net/v/t1.0-9/13237849_1760178134263483_4164878354419803873_n.jpg?oh=a0000eb9b439e10f771bd8369509e76b&oe=5A622E77					
Eveningside Vineyards	4794 Lower Mountain Road		Lockport	NY	14094	Niagara	716-867-2415	May-Oct. daily 12-6 / Nov.-Apr. Sat.&Sun. 12-6	http://eveningside.com/	https://www.facebook.com/EveningsideWinery/		Yes		Yes	Yes			Yes	Winery	Weddings & Special Events	Gift Shop & Specialty Products				wine	specialty shop					http://eveningside.com/online_store/wp-content/uploads/2013/11/eveningside_logo_color.png	http://eveningside.com/online_store/wp-content/uploads/2013/11/ev-slider-template-960x295.png	http://eveningside.com/online_store/wp-content/uploads/2013/11/ev-slider-template-960x295.png	https://scontent-lga3-1.xx.fbcdn.net/v/t31.0-8/19055543_1662432080452917_8431263833919080295_o.jpg?oh=2856f08bdd403b66fd89b5ad58b485a4&oe=5A9F94A4	https://scontent-lga3-1.xx.fbcdn.net/v/t1.0-9/418267_383416511687820_1327713066_n.jpg?oh=4bfb1e392170983530d016e5a225a192&oe=5AACADA2	https://scontent-lga3-1.xx.fbcdn.net/v/t1.0-9/603022_565483603481109_686740250_n.jpg?oh=516d6b87bea3be9285a3cc49f9254c47&oe=5A9A1BBC	https://scontent-lga3-1.xx.fbcdn.net/v/t31.0-8/19055543_1662432080452917_8431263833919080295_o.jpg?oh=2856f08bdd403b66fd89b5ad58b485a4&oe=5A9F94A4
Newroyal Orchards	7577 Slayton Settlement Road		Gasport	NY	14067	Niagara	716-772-2469	Call for hours/appointment	http://newroyalorchards.com/			Yes			Yes			Yes	Farm Market						apples	pears					https://scontent-lga3-1.xx.fbcdn.net/v/t1.0-9/20729640_10159093200305099_5564682601878032741_n.jpg?oh=d290b442824bcb27c8e8b9399c3204d9&oe=5AA9753C						
Blackman Homestead Farm	4472 Thrall Road		Lockport	NY	14094	Niagara	716-434-7116	Open daily 9-6 seasonally	https://blackmanhomesteadfarm.com/	https://www.facebook.com/blackmanhomesteadfarm/		Yes			Yes			Yes	Farm Market	U-Pick	Gift Shop & Specialty Products				apples	cider/juice	grapes	petting zoo	specialty shop		https://i1.wp.com/blackmanhomesteadfarm.com/wp-content/uploads/2016/06/logo6.jpg?fit=220%2C148&ssl=1	https://i1.wp.com/blackmanhomesteadfarm.com/wp-content/uploads/2017/03/product-photos-079-1.jpg?resize=1180%2C435&ssl=1	https://i2.wp.com/blackmanhomesteadfarm.com/wp-content/uploads/2017/04/cider-227.jpg?resize=1180%2C435&ssl=1				
Niagara Landing Wine Cellars	4434 Van Dusen Road		Lockport	NY	14094	Niagara	716-433-8405	Monday-Sat. 10am-6pm, Sundays 12pm-6pm	http://niagaralanding.com/	https://www.facebook.com/niagara.landing.wine.cellars/		Yes		Yes	Yes		Yes	Yes	Winery	Gift Shop & Specialty Products					wine	specialty shop					http://niagaralanding.com/wp-content/uploads/nl_logo_03.png	http://niagaralanding.com/wp-content/uploads/red-grapes-1140x300.jpg	http://niagaralanding.com/wp-content/uploads/misty-niagara-awards-472x475.jpg				
Librock Beef Farms	5288 Gasport Road		Gasport	NY	14067		716-772-7723	Call ahead	http://www.librockbeef.com/	https://www.facebook.com/Librock-Beef-356668141060191/		No			Yes			Yes	Meat Market						beef						http://www.librockbeef.com/beef_sign_800x584.jpg						
Hartland Abattoir	7625 Ridge Road		Gasport	NY	14067		716-772-7352	Monday-Friday 8am-5pm, Sat. 8am-12pm, Sunday closed	http://www.hartlandabattoir.com/			No			Yes			Yes	Meat Market						beef	pork	poultry				https://scontent-lga3-1.xx.fbcdn.net/v/t1.0-9/73127_151333211733979_821502494_n.jpg?oh=779b3b0cc73629e16dc8bc007b87face&oe=5A71C732						
Heimiller Greenhouses	3038 Ewings Road		Newfane	NY	14108	Niagara	716-778-0026	Monday-Sat. 9am-5pm, Sunday 10am-4pm seasonally	N/A	https://www.facebook.com/heimiller.greenhouses/					Yes		Yes	Yes	 Nursery & Plants	Gift Shop & Specialty Products					flowers	nusery plants	specialty shop				https://scontent-lga3-1.xx.fbcdn.net/v/t1.0-9/10399509_161246656874_1563696_n.jpg?oh=7363c9209dfe7a9e604d0473259b043c&oe=5A7F853A	https://scontent-lga3-1.xx.fbcdn.net/v/t1.0-9/18486059_10154374701851875_5766938790608759493_n.jpg?oh=78b60ada7f90cc0b60a27ec9aa5c673a&oe=5A7785C7					
Hahns Ponds	3779 Lower Mountain Road		Sanborn	NY	14132	Niagara	716-731-5531	April to July. Mon. – Fri. 10 to 6, Sat. 9 to 5, Sun. 10 to 5. August to September: Mon. – Sat. 10 to 5, Sun. Closed. Fall Hours: October. Sat. 10 to 5.	http://hahnsponds.com/	https://www.facebook.com/hahnsponds/					Yes			Yes	Gift Shop & Specialty Products						flowers	nusery plants	specialty shop				https://scontent-lga3-1.xx.fbcdn.net/v/t31.0-8/18671684_1489734561048014_4824914413731849935_o.jpg?oh=9e7a2611d3f75efe43a99f4cfa860a43&oe=5AD19501	https://scontent-lga3-1.xx.fbcdn.net/v/t1.0-9/12042711_1109033545784786_5531704484071497499_n.jpg?oh=50fb448af9c1a5db73a9cb53aa74211a&oe=5A8D4F0A					
Erways Christmas Tree Adventure	4202 Willow Road		Wilson	NY	14172		716-751-9602	Mon-Fri. 12-8pm. Sat. & Sun. 8am-8pm.	http://www.erwayschristmastreeadventure.com/						Yes			Yes	Christmas Tree Farm	Gift Shop & Specialty Products					christmas trees	petting zoo	specialty shop				https://scontent-lga3-1.xx.fbcdn.net/v/t1.0-9/527298_270973129686657_131550405_n.jpg?oh=5c90fa94ae76c2450e6e60f139451b31&oe=5A6BDCC9	https://scontent-lga3-1.xx.fbcdn.net/v/t1.0-9/12376051_845559622228002_6118755549083793411_n.jpg?oh=c695fb233cb1a4afdb1fd2895b8762a0&oe=5AAC7190	http://www.erwayschristmastreeadventure.com/trees/wagon2.jpg				
Hiller's Sweet Corn Farm Market	2043 Lockport Olcott Rd		Burt	NY	14028		716-946-5308	Daily 9:30-6pm		https://www.facebook.com/hillerssweetcorn/		Yes			Yes			Yes	Farm Market						corn	apples	peaches/apricots	squash	specialty vegetables	specialty fruit	https://scontent-lga3-1.xx.fbcdn.net/v/t1.0-9/22730448_1450725981708587_382797155286846427_n.jpg?oh=fbd00069a777cb2ee0c50c3fa3f736fd&oe=5AAADFC2	https://scontent-lga3-1.xx.fbcdn.net/v/t1.0-9/21557678_1417267115054474_6446294694995774363_n.jpg?oh=98a369b9a79b53ce9745cde27ee18be1&oe=5AAEB605	https://scontent-lga3-1.xx.fbcdn.net/v/t1.0-0/c78.0.200.200/p200x200/15356662_1145468638900991_8592118398877488501_n.jpg?oh=67746965b3b6ded540cb0c644a88511c&oe=5A690DED				
Becker Farms & Vizcarra Vineyards	3724 Quaker Road		Gasport	NY	14067		716-772-2211	Sun.-Thur. 11am-6pm. Friday & Sat. 10am-9pm	www.beckerfarms.com	https://www.facebook.com/Beckerfarms01/		Yes		Yes	Yes			Yes	Winery	Brewery	Seasonal Activities	Weddings & Special Events	U-Pick	CSA	wine	beer	specialty shop	bakery	music/entertainment	venue rental	https://scontent-lga3-1.xx.fbcdn.net/v/t1.0-9/11230914_10153342270564170_8505291845533937801_n.jpg?oh=4c92145c2c8d27beccacf7a38734ce9c&oe=5AB01F55	https://scontent-lga3-1.xx.fbcdn.net/v/t1.0-9/21752361_10155917789774170_7636225389482173216_n.jpg?oh=4203dba94dc8cbe8d90075410789d04c&oe=5A761C5D	https://scontent-lga3-1.xx.fbcdn.net/v/t1.0-9/19113598_10155603053449170_9099140015051874184_n.jpg?oh=124570e82497ea9444611c65fa023fa7&oe=5A80FB96	https://scontent-lga3-1.xx.fbcdn.net/v/t1.0-9/14330051_10154663577439170_1103564107835915291_n.jpg?oh=2ad0a5886d6bd4b7cde04c839ce96fa8&oe=5AADBBD1			
Forrestel Farm & Riding Camp	11380 Main Street		Medina	NY	14103		585-798-2222	Call for hours	www.Forrestel.com	https://www.facebook.com/forrestelridingcamp/		No			Yes																https://files.forrestel.com/img/Header.jpg	https://scontent-lga3-1.xx.fbcdn.net/v/t1.0-9/936904_477967738943033_1448001905_n.jpg?oh=f98a4742afb8815b6f29992da83eb15f&oe=5A9F7A52	https://scontent-lga3-1.xx.fbcdn.net/v/t1.0-9/47032_451895554883585_617999682_n.jpg?oh=566c36a3a1386146a891cf5462c8fa00&oe=5AAE357E				
Hidden Valley Animal Adventure	2887 Royce Road		Varysburg	NY	14167		585-535-4100	Open daily May-Oct.	www.HiddenValleyAdventure.com	https://www.facebook.com/HiddenValleyAdventure/		No			Yes			Yes	Farm Tour/Farm Stay	Gift Shop & Specialty Products	Seasonal Activities				petting zoo	specialty shop					https://scontent-lga3-1.xx.fbcdn.net/v/t31.0-8/14680892_10154068568077613_1815367997021497706_o.jpg?oh=1c49d64f92463b6f20db73475669daac&oe=5A6735A5	https://scontent-lga3-1.xx.fbcdn.net/v/t1.0-1/p200x200/12801604_10153516420032613_7773454381509443257_n.jpg?oh=997a91986153b362b05e35320b5e9d20&oe=5A7F7F5C					
Wagner Farm & Market	2672 Lockport Road		Sanborn	NY	14132		716-731-4440	Open daily 9-6pm	http://wagnersfarmmarket.com/	https://www.facebook.com/Wagners-Farm-Market-165324213513457/		Yes			Yes			Yes	Farm Market	Gift Shop & Specialty Products	Baked Goods				apples	pumpkins/gourds	specialty shop	cider/juice	prepared food	specialty fruit							
First Light Farm & Creamery			East Bethany	NY	14054		585-297-5341	Open daily	http://www.firstlightfarmer.com/	https://www.facebook.com/FirstLightFC/		No		Yes	Yes			Yes	Dairy Products	Gift Shop & Specialty Products	Weddings & Special Events				cheese	specialty shop	venue rental				https://scontent-lga3-1.xx.fbcdn.net/v/t1.0-9/428307_193137880793362_1748629559_n.jpg?oh=42c6a1a34f322d781e2f2876205389a6&oe=5AA509B6	https://scontent-lga3-1.xx.fbcdn.net/v/t1.0-9/15977797_1202556343184839_8051006855920604147_n.jpg?oh=fba6e70e99ba2ca3b035f69c68541d82&oe=5A768E53	https://static1.squarespace.com/static/567229b54bf1183567908a5a/569c010940667a727ee846d7/569c0109d8af100e850d3a80/1453064458162/Twilight+WR.jpg?format=750w				
Clinton Bailey Farmers Market	1443-1517 Clinton Street		Buffalo	NY	14206		716-822-2466	Open all year. 	www.clintonbaileymarket.com	https://www.facebook.com/ClintonBaileyFarmersMarket/		Yes		Yes	Yes				Farmers Market						specialty fruit	specialty vegetables	apples	potatoes	squash	corn	https://scontent-lga3-1.xx.fbcdn.net/v/t31.0-8/14976872_1305092899515376_7768949470014297218_o.png?oh=78c4ed7c80da6f98dc43dc3679fb00a7&oe=5A8D472D	https://scontent-lga3-1.xx.fbcdn.net/v/t31.0-8/277947_470026116355396_1036233208_o.jpg?oh=c186c12a97456aa63be2202bc23eb556&oe=5A9D4215	https://scontent-lga3-1.xx.fbcdn.net/v/t31.0-8/477123_517954841562523_1963248178_o.jpg?oh=c6886edbd1a18874780a515bbbf09db2&oe=5A931568				
Harris Farm Market & Greenhouse	8475 Ridge Road		Gasport	NY	14067	Niagara	716-772-5229	Open May-October	N/A	https://www.facebook.com/HarrisFarmMarket/		Yes		Yes	Yes			Yes	Farm Market	Nursery & Plants					flowers	ice cream	nursery plants	specialty vegetables	vegetable fruit	specialty shop							
Schwab Farm Market & Bakery	9035 Rochester Road		Gasport	NY	14067	Niagara	716-735-7570	Open year around 9am-6pm	www.schwabsfarm.com	https://www.facebook.com/Schwab-Farm-Market-124056294325609/		Yes			Yes			Yes	Farm Market	Baked Goods	Gift Shop & Specialty Products				apples	bakery	bread	desserts	strawberries	specialty shop							
Goodman Farm Market	2227 Cayuga Drive. Ext.		Niagara Falls	NY	14304	Niagara	716-731-3231	Open year around 9am-6pm	N/A	https://www.facebook.com/Goodmans-Farm-Market-229405835767/		Yes		Yes	Yes			Yes	Farm Market	Baked Goods	Gift Shop & Specialty Products				pumpkins/gourds	apples	corn	cider/juice	specialty shop	desserts	https://scontent-lga3-1.xx.fbcdn.net/v/t31.0-8/466786_10150829646195768_2040733028_o.jpg?oh=25d393d2010339b14772cc31da8838ca&oe=5AA83A75	https://scontent-lga3-1.xx.fbcdn.net/v/t31.0-8/12031492_10153656541605768_7417604304446493963_o.jpg?oh=a95a53587e1de0d61ff1d054260b3124&oe=5A979618	https://scontent-lga3-1.xx.fbcdn.net/v/t31.0-8/12314328_10153725307070768_8368576337042097250_o.jpg?oh=cea19b5217291f68ef23ee6479e9d49f&oe=5AAD136A				
Singer Farm Naturals	6730 East Lake Rd.		Appleton	NY	14008		716-741-4549	Open daily 10-6	www.singerfarmnaturals.com	https://www.facebook.com/Singer-Farm-Naturals-118596078157592/		Yes	Yes	Yes	Yes			Yes	Farm Market	Gift Shop & Specialty Products					cherries	desserts	specialty shop	garlic	potatoes	skincare/home products	https://scontent-lga3-1.xx.fbcdn.net/v/t1.0-9/26428_118641611486372_2484816_n.jpg?oh=835c6e93e7b94af7225ac14aac0ac32a&oe=5A9D680F						
Wolf Maple Farms	9355 Chestnut Ridge Road		Middleport	NY	14105		716-735-9102	Call for times	N/A	https://www.facebook.com/WOLF-MAPLE-PRODUCTS-354928494623957/		Yes			Yes			Yes	Maple & Honey	Gift Shop & Specialty Products	Seasonal Activities				maple syrup	specialty shop					https://scontent-ort2-2.xx.fbcdn.net/v/t1.0-9/1917051_972227029560764_5774813520441459512_n.jpg?oh=9dc88958d9607b37859ee16b03ce44d3&oe=5AD09D13	https://scontent-ort2-2.xx.fbcdn.net/v/t1.0-9/10649930_972227629560704_832903092095446938_n.jpg?oh=f74d3a326a04d75c84617bd9dc0408e9&oe=5ABA363D					
Coulter Farms	3871 North Ridge Rd.		Lockport	NY	14094	Niagara	716-433-5335	June-Oct. 10:30am-6pm	www.coulterfarmsllc.com	https://www.facebook.com/coulterfarms/		Yes		Yes	Yes			Yes	Farm Market	U-Pick	Gift Shop & Specialty Products				strawberries	ice cream	prepared food	specialty vegetables	specialty fruits								
Greg's U-Pick Farm	9270 Lapp Road		Clarence Center	NY	14032		716-741-4239		www.gregsupick.com	https://www.facebook.com/Gregs-U-Pick-Farm-128140123880808/		Yes			Yes			Yes	UPick	CSA	Seasonal Activities				strawberries	tomatoes	squash	specialty fruits	pumpkins/gourds	blueberries	http://www.gregsupick.com/images/logo.png	http://www.gregsupick.com/images/sidenew.jpg					
Kindred Kreek Alpaca Farm	11932 Rapids Road		Akron	NY	14001		716-912-3333	Mon-Sat. 11am-5pm, Sunday 12-4pm	www.kindredkreekalpacas.com	https://www.facebook.com/KindredKreek/		No			Yes			Yes	Gift Shop & Specialty Products						fiber	specialty shop											
Kelkenberg Farm of Clarence	9270 Wolcott Road		Clarence Center	NY	14032		716-741-4862	Hours change seasonally	www.kelkenbergfarm.com	https://www.facebook.com/Kelkenberg-Farm-of-Clarence-138581216184441/		Yes		Yes	Yes			Yes	Farm Market	Gift Shop & Specialty Products	Seasonal Activities	Baked Goods	Weddings & Special Events		pumpkins/gourds	desserts	petting zoo	venue rental	specialty shop		https://scontent-lga3-1.xx.fbcdn.net/v/t1.0-1/c38.0.200.200/p200x200/1461129_832698316772724_8752157058610711792_n.jpg?oh=1fa6411f6c71c702aed0ba61a15cfed0&oe=5A6E21FD	http://www.kelkenbergfarm.com/images-kelkenberg-farm/farm-tour3.jpg	http://www.kelkenbergfarm.com/images-kelkenberg-farm/school-field-trips2.jpg				
Akron Acres	12607 Stage Road		Akron	NY	14001		716-542-2314	Hours change seasonally	www.akronacres.com	https://www.facebook.com/akronacres/		Yes		Yes	Yes			Yes	Seasonal activities	Weddings & Special Events	Gift Shop & Specialty Products	Christmas Tree Farm			venue rental	petting zoo	christmas trees	specialty shop			http://www.akronacres.com/images/logo_new.png	https://scontent-lga3-1.xx.fbcdn.net/v/t1.0-9/22554842_10155875161844529_825767769358006847_n.jpg?oh=e32d33a7981467422b3406def33ef319&oe=5A684391	https://scontent-lga3-1.xx.fbcdn.net/v/t1.0-9/19400104_10155490062589529_2915679761948608107_n.jpg?oh=f1c8756ed1fc9715c0827fe7219e191a&oe=5A67A8CF				
810 Meadworks	113 West Center Street		Medina	NY	14103		585-542-9810	Closed Mon. & Tue. Wed. 12-6, Thur. 12-10pm, Fri. & Sat. 12pm-12am, Sun. 12-6	www.810meadworks.com	https://www.facebook.com/810meadwork/		Yes		No	Yes			Yes	Winery	Gift Shop & Specialty Products					mead	specialty shop					https://scontent-lga3-1.xx.fbcdn.net/v/t1.0-9/12510330_562778363877633_6722118069748644625_n.jpg?oh=41bcdabd4e4d0b07d3bc96a6f58450fa&oe=5AA97096	https://scontent-lga3-1.xx.fbcdn.net/v/t1.0-9/16649297_762940377194763_9169963838796205300_n.jpg?oh=899ba259af5fd664111be147762991f0&oe=5AA8D6EE	https://scontent-lga3-1.xx.fbcdn.net/v/t1.0-0/c150.0.200.200/p200x200/18199182_803334166488717_5417150805065463764_n.jpg?oh=c8936ec502b513bce649cfd4483b98da&oe=5A66BF66				
A gust of sun winery	4515 Baer Rd. 		Ransomville	NY	14131	Niagara	716-731-4878	Sun. - Fri. 12-6, Sat. 10-6	www.agustofsun.com	https://www.facebook.com/AGustOfSunWinery/		Yes		Yes	Yes			Yes	Winery	Gift Shop & Specialty Products	Weddings & Special Events				venue rental	wine	specialty shop										
Arrowhead Spring Vineyards	4746 Town Line Road		Cambria	NY	14094	Niagara	716-434-8030	Daily 12-6pm	www.arrowheadspringvineyards.com	https://www.facebook.com/arrowheadspringvineyards/		Yes		Yes	Yes		Yes	Yes	Winery	Gift Shop & Specialty Products	Weddings & Special Events				wine	venue rental	specialty shop				https://scontent-lga3-1.xx.fbcdn.net/v/t1.0-1/p200x200/16298399_10158002950035408_2141842412814757114_n.jpg?oh=12013d954dd03b1a970008f9242b6565&oe=5AA9F6D1	https://img1.wsimg.com/isteam/ip/f5dd7307-d82f-4e6c-b7aa-ff3433b49cc8/Sunset1-IMG_2596.jpg/:/rs=w:400,h:500,cg:true,m/cr=w:800,h:500,a:cc					
Blackbird Cider Works	8503 Lower Lake Rd. 		Barker	NY	14012		716-795-3580	Mon.-Sat. 11-6, Sun. 12-6pm	www.blackbirdciders.com	https://www.facebook.com/blackbirdciderworks/		Yes	Yes	Yes	Yes			Yes	Brewery/Cidery	Gift Shop & Specialty Products					hard cider	specialty shop					https://scontent-ort2-2.xx.fbcdn.net/v/t1.0-9/11407061_729226447199260_3167265344611884430_n.jpg?oh=749439fa6fdfad96652c0e8a80fad9e8&oe=5AC8ED9F	https://scontent-ort2-2.xx.fbcdn.net/v/t1.0-9/10342465_789813704473867_2217845594465961349_n.jpg?oh=833ae424da11d8e5b9a9add593bbece4&oe=5A9037FA	https://scontent-ort2-2.xx.fbcdn.net/v/t1.0-9/1743686_625033070951932_1625019777456919005_n.jpg?oh=b26e23f660e49ebdd475d41d7c816934&oe=5A8B2FBF	https://scontent-ort2-2.xx.fbcdn.net/v/t1.0-9/10649821_587597134695526_4853023633845132727_n.jpg?oh=af73b02587cc0f91090dbbce179e029c&oe=5AD19B3B	https://scontent-ort2-2.xx.fbcdn.net/v/t1.0-9/10398667_577101879078385_721229572733481470_n.jpg?oh=853c46b12742df328d8430a5c5f954ba&oe=5ACE80D0		
Black Willow Winery	5565 W. Lake Road		Burt	NY	14028		716-439-1982	Mon.-Sat. 10-6; Sun. 12-6	www.blackwillowwinery.com	https://www.facebook.com/blackwillowwinery/		Yes		Yes	Yes		Yes	Yes	Winery	Gift Shop & Specialty Products	Weddings & Special Events				wine	mead	specialty shop	venue rental			http://newsite.blackwillowwinery.com/wp-content/uploads/2015/07/BW-logo-final_237x162.png	http://newsite.blackwillowwinery.com/wp-content/uploads/2015/07/Wine-and-Chocolate-Pairing-1.jpg	http://blackwillowwinery.com/wp-content/uploads/2015/07/oil_bottles.jpg				
Chateau Niagara Winery	2466 West Creek Road		Newfane	NY	14108		716-778-7888	Sun, Mon, Thur, Fri. 12-5; Sat. 12-6	http://www.chateauniagarawinery.com/	https://www.facebook.com/Chateau-Niagara-Winery-167455272347/		Yes		Yes	Yes			Yes	Winery	Gift Shop & Specialty Products	Weddings & Special Events				wine	specialty shop	venue rental				https://i.imgur.com/m8wScME.jpg	https://scontent-lga3-1.xx.fbcdn.net/v/t1.0-9/15492587_10154711602017348_7186473550516701632_n.jpg?oh=5778777f058a2e6015028dbf44b50fa1&oe=5A7003D8	https://scontent-ort2-2.xx.fbcdn.net/v/t1.0-9/57976_437123067347_6819387_n.jpg?oh=a49515a4f84bca5add63a7f7c3334b50&oe=5A8914BD	https://scontent-ort2-2.xx.fbcdn.net/v/t1.0-9/944008_10153848292922348_703351356980389027_n.jpg?oh=af2711a7df6fcb55ccd75e789675854d&oe=5AC76A48	https://i.imgur.com/udzKNNE.jpg		
Flight of Five Winery	2 Pine Street	Old City Hall	Lockport	NY	14094		716-433-3360	Sun.-Thur. 12-6; Fri. & Sat. 12-7	http://www.flightoffivewinery.com/	https://www.facebook.com/Flight-of-Five-Winery-136305636560991/		Yes		No	Yes		Yes	Yes	Winery	Gift Shop & Specialty Products					wine	specialty shop					https://niagarawinetrail.files.wordpress.com/2013/09/flight-of-five-winery-logo-color.png	https://scontent-lga3-1.xx.fbcdn.net/v/t1.0-9/1238784_168388483352706_519055706_n.jpg?oh=2ecac850c01febff1addecd6fd149eea&oe=5AA7AFB2					
Freedom Run Winery	5138 Lower Mountain Rd.		Lockport	NY	14094		716-433-4136		http://www.freedomrunwinery.com/	https://www.facebook.com/FreedomRunWinery/		Yes		Yes	Yes		Yes	Yes	Winery	Gift Shop & Specialty Products	Weddings & Special Events				wine	specialty shop	venue rental										
Honeymoon Trail Winery	4120 Ridge Road		Cambria	NY	14094		716-438-3255	Tue.-Sat. 10-6; Sun. 12-6; Mon. 10-5	http://honeymoontrailwinery.com/	https://www.facebook.com/HoneymoonTrailWinery/		Yes		No	Yes			Yes	Winery	Gift Shop & Specialty Products	Weddings & Special Events				wine	specialty shop	venue rental										
Lake Ontario Winery	1593 Hamlin Parma Town Line Rd.		Hilton	NY	14468		585-392-5296	Tues. & Sun. 11-6; Wed.-Sat. 11am-9pm	http://www.vinocorporation.com/Default.asp	https://www.facebook.com/LakeOntarioVineyards/		Yes		Yes	Yes			Yes	Winery	Gift Shop & Specialty Products	Weddings & Special Events				wine	specialty shop	venue rental										
Leonard Oakes Estate Winery	10609 Ridge Road		Medina	NY	14103		585-318-4418	Mon.-Fri. 11-6; Sat. 10-6; Sun. 12-6	http://oakeswinery.com/	https://www.facebook.com/oakeswinery/		Yes		Yes	Yes			Yes	Winery	Gift Shop & Specialty Products	Weddings & Special Events				wine	specialty shop	venue rental										
Long Cliff Winery & vineyards	3617 Lower Mountain Rd. 		Sanborn	NY	14132		716-731-3316	Sun. -Fri. 12-6; Sat. 10-6	www.longcliffwinery.com	https://www.facebook.com/LongCliffWinery/		Yes		Yes	Yes			Yes	Winery	Gift Shop & Specialty Products					wine	specialty shop					https://scontent-ort2-2.xx.fbcdn.net/v/t31.0-8/20776771_1402729876470832_8811834573293169326_o.jpg?oh=5203a557fad54b35f3b36720bf30a0fc&oe=5AC2BBCD	https://scontent-ort2-2.xx.fbcdn.net/v/t1.0-9/1377948_520478278029334_1151518491_n.jpg?oh=b5944c55954cee6c2a73f2b62d2d5044&oe=5AC0051B	https://scontent-ort2-2.xx.fbcdn.net/v/t1.0-9/224878_395796430497520_1831073755_n.jpg?oh=1adeb6c47e3ed9d7a02a1ba99610a7ca&oe=5ABDFB6F	https://scontent-ort2-2.xx.fbcdn.net/v/t1.0-9/391425_338186629591834_191053761_n.jpg?oh=e555c298c158ec827749fd5ef2e30de2&oe=5A91B98E	https://scontent-ort2-2.xx.fbcdn.net/v/t1.0-9/954673_496440000433162_641355980_n.jpg?oh=cf0c9c3733ee3a019746cc13dc21c2b2&oe=5ABA898D		
Midnight Run Wine Cellars	3301 Braley Rd. 		Ransomville	NY	14131		716-751-6200	Mon&Tues. 3-6pm; Wed. & Thur. 1-6pm; Fri-Sun. 12-6	http://www.midnightrunwines.com/	https://www.facebook.com/midnightrunwinecellars/		Yes		Yes	Yes			Yes	Winery	Gift Shop & Specialty Products	Weddings & Special Events				wine	specialty shop	venue rental				http://www.midnightrunwines.com/wp-content/uploads/2016/07/midnightrun_logo_03.jpg	https://scontent-lga3-1.xx.fbcdn.net/v/t31.0-8/14444860_1215602028497056_7749179254437322380_o.jpg?oh=894d8568494e79b1f2a7a17802e5d6f4&oe=5A6BD3B0	https://scontent-lga3-1.xx.fbcdn.net/v/t31.0-8/14444860_1215602028497056_7749179254437322380_o.jpg?oh=027bc3522940f492a50ed0228411f1a6&oe=5A9360B0				
Salamaca Estate Winery	2660 Hindsburg Rd. 		Albion	NY	14411		585-283-4094	M-W closed; Thur. 2-6pm; Friday-Sun. 12-6pm	N/A	https://www.facebook.com/Salamaca-Estate-Winery-246319468765488/		Yes		Yes	Yes				Winery	Gift Shop & Specialty Products					wine	specialty shop					https://scontent-lga3-1.xx.fbcdn.net/v/t1.0-9/10934003_846943058703123_8686844534194278838_n.png?oh=ac4e1f9d325407837191b22e47b5d5d2&oe=5AABF905						
Schultze Vineyards & Winery	2090 Coomer Rd. 		Burt	NY	14028		716-778-8090	Mon-Sat. 10-6; Sun. 12-6	http://www.schulzewines.com/			Yes		Yes	Yes		Yes	Yes	Winery	Gift Shop & Specialty Products	Weddings & Special Events				wine	specialty shop	venue rental				https://scontent-ort2-2.xx.fbcdn.net/v/t31.0-8/459237_10150836440046632_663389473_o.jpg?oh=9fcbffaf8c88e852043f87b07c46f0a1&oe=5AD4F6B8	https://scontent-ort2-2.xx.fbcdn.net/v/t31.0-8/1398883_10152376938451632_509477397_o.jpg?oh=7ebfa2739fa807361ed1bfaf21452bac&oe=5A8BDC90	https://scontent-ort2-2.xx.fbcdn.net/v/t31.0-8/221444_10151343308331632_728931991_o.jpg?oh=871e0e5ad84dd6a5357fb8c3ebe9ccee&oe=5ACBC823	https://scontent-ort2-2.xx.fbcdn.net/v/t1.0-9/75156_10151479676691632_750745096_n.jpg?oh=b70d489b6ac25b0f83dd32cc9b7dd1cc&oe=5ABDD80A			
Spring Lake Winery	7373 Rochester Road		Lockport	NY	14094	Niagara	716-439-5253	open daily 12-6pm	www.springlakewinery.com			Yes		Yes	Yes			Yes	Winery	Gift Shop & Specialty Products	Weddings & Special Events				wine	specialty shop	venue rental				https://scontent-lga3-1.xx.fbcdn.net/v/t1.0-1/p200x200/20953981_10159231068800253_5593859862827633389_n.jpg?oh=5700a694cab3f3b9970bffac429b590d&oe=5AA5576A	https://i.imgur.com/GlP58W2.jpg	https://i.imgur.com/5FtHZq7.jpg	https://i.imgur.com/Maijay8.jpg	https://i.imgur.com/dXVq6JI.jpg		
Schwenk Wine Cellars	1456 Bills road		Kent	NY	14477		585-682-4629	Mon-Wed. closed; Thur&Fri. 2-5pm; Sat. 12-5; Sun. 12-4	www.schwenkwinecellars.com	https://www.facebook.com/schwenkwine.cellars/		Yes		Yes	Yes			Yes	Winery	Gift Shop & Specialty Products					wine	specialty shop											
The Winery At Marjim Manor	7171 E. Lake Road		Appleton	NY	14008		716-778-7001	Mon.-Sat. 10-6pm; Sun. 12-6	www.marjimmanor.com	https://www.facebook.com/MarjimManor/		Yes		Yes	Yes			Yes	Winery	Gift Shop & Specialty Products	Weddings & Special Events				wine	specialty shop	venue rental				https://www.marjimmanor.com/store/media/banner_logo_210.jpg	https://scontent-lga3-1.xx.fbcdn.net/v/t31.0-8/21768687_10159337364630084_1549652458542250364_o.jpg?oh=dc5e0f9b979063e59cd8975f92f4fc06&oe=5A9F9103					
Victorianbourg Wine Estate	4402 East Lake Road		Wilson	NY	14172	Niagara	716-751-6576	Sun.-Fri. 12-5pm; Sat. 11-6	http://www.victorianbourg.com/	https://www.facebook.com/VictorianbourgWineEstate/		Yes		Yes	Yes			Yes	Winery	Gift Shop & Specialty Products	Weddings & Special Events				wine	specialty shop	venue rental										
Live Edge Brewing Company	2100 Coomer Rd		Burt 	NY	14028	Niagara	716-512-5414 	Closed Tues.&Wed; Sun, Mon, Thur. 11-8pm; Fri. and Sat. 11am-10pm	www.liveedgebrewery.com	https://www.facebook.com/LiveEdgeBrews/		Yes		Yes	Yes			Yes	Brewery/Cidery	Restaurant	Weddings & Special Events				beer	wine	prepared food	desserts	venue rental	hard cider							
Cambria Corn Maze	5274 Lockport Junction Rd.		Lockport	NY	14094	Niagara	716-589-0626	Seasonal	www.cambriacornmaze.com						Yes			Yes	Seasonal activities						corn maze						https://scontent-lga3-1.xx.fbcdn.net/v/t1.0-9/22539923_1787702921258528_4661437159404813338_n.jpg?oh=2a43ee828686c6243c80259020d7f3cf&oe=5A778E4E						
Hoover's Dairy	6045 Ward Road		Sanborn	NY	14132	Niagara	716-731-3830	Daily 11am-8pm; Sat. 8-8		https://www.facebook.com/Hoovers-Restaurant-1561547140797530/				Yes	Yes			Yes	Restaurant	Dairy Products					ice cream	prepared food	desserts				https://scontent-lga3-1.xx.fbcdn.net/v/t1.0-9/297247_237652446280633_1794115169_n.jpg?oh=efadf55e7dd4b773a37d0e6ed8e2db0b&oe=5AA81D35						
Clarence Hollow Farmer's Market	10717 Main Street		Clarence	NY	14031	Erie		Saturdays June-Oct. 8am-1pm	www.clarencefarmersmarket.com	https://www.facebook.com/ClarenceHollowFM/?ref=br_rs		Yes	Yes		Yes				Farmers Market						specialty fruit	specialty vegetables	apples	strawberries	tomatoes	pumpkins/gourds	http://www.clarencefarmersmarket.com/CHFM_Anniver_Banner_ONLY_2017__copy.png	https://scontent-lga3-1.xx.fbcdn.net/v/t1.0-9/429403_10150682378339904_307875772_n.jpg?oh=e1c49be7be775dc1bd4ae1210fc35ffb&oe=5A97392C					
Dispenza's Meat Market	3130 Ridge Road		Ransomville	NY	14131	Niagara	716-791-3400	Closed Mon.&Tue; Wed. 8-5; Thurs. 8-6; Friday 8-5; Sat. 8-4; Sun. 10-2	www.dispenzas.com	https://www.facebook.com/DispenzasMeatMarket/	Yes	No			Yes			Yes	Meat Market	CSA					beef	poultry	pork	specialty meat	eggs		https://scontent-lga3-1.xx.fbcdn.net/v/t1.0-9/12661889_560656840777449_4269887510342179473_n.jpg?oh=3443d9719d46d23c4fb2901f0447279e&oe=5A7C3E61	https://scontent-lga3-1.xx.fbcdn.net/v/t1.0-9/21617567_864329667076830_1961996692069714255_n.png?oh=f2105fa7c781a20620a07a4479f2398f&oe=5AAB2435					
Teacup Farm	2278 Johnson Creek Rd		Barker	NY	14012	Niagara	716-807-2963	Please call	www.teacupfarm.com		Yes	No			Yes			Yes	Dairy Products						milk	cheese	yogurt	eggs	skincare/home products		https://i.imgur.com/3fhtWVc.jpg	https://i.imgur.com/buw7mig.jpg					
Woodcock Brothers Brewery	638 Lake Street		Wilson	NY	14172	Niagara	716-333-4000	Closed Mon; Tues-Thur. 12-10pm; Fri. & Sat. 12-11pm; Sun. 12-8pm	http://woodcockbrothersbrewery1.joggerspark.info/	https://www.facebook.com/woodcockbrothers/?rf=555472154466288		Yes			Yes			Yes	Brewery	Restaurant					beer	prepared food	hard cider	wine	music/entertainment								
Hall's Apple Farm	6100 Ruhlmann Rd		Lockport	NY	14094	Niagara	 (716) 434-0838	Open daily 9am-5:30pm; closed Sundays	www.hallsapplefarm.com	https://www.facebook.com/Hall-Apple-Farm-193232269045/		Yes		Yes	Yes			Yes	Baked Goods	Gift Shop & Specialty Products	Farm Market				apples	desserts	cider	specialty shop	honey		http://www.hallsapplefarm.com/attachments/Image/Halls_Original_with_Green_A.jpg	http://www.hallsapplefarm.com/attachments/Image/P1010039.JPG	https://scontent-lga3-1.xx.fbcdn.net/v/t31.0-8/963939_10151959543699046_1218338082_o.jpg?oh=ed8d603518026507b3dbb07b8477e169&oe=5AA8D589				
Burley Berries & Blooms	6335 Route 20A E.		Warsaw	NY	14569		 (585) 308-0674	Seasonal	http://burleyberries.wixsite.com/burley-berries	https://www.facebook.com/BurleyBerries/		Yes			Yes			Yes	U-Pick						strawberries	flowers											
Sunflowers of Sanborn	Corner of Route 31 and Baer Road		Sanborn	NY	14132	Niagara	(716) 731-9373	Seasonal	N/A	https://www.facebook.com/Sunflowers-Of-Sanborn-NY-292603171217990/					Yes			Yes	Seasonal activities						flowers						https://scontent-lga3-1.xx.fbcdn.net/v/t1.0-9/21230905_292612411217066_1422135073645472839_n.jpg?oh=85adade7f35635dc9e2825bf1e4973ca&oe=5AA8E26C	https://scontent-lga3-1.xx.fbcdn.net/v/t1.0-9/21106433_292610074550633_6306056542323539454_n.jpg?oh=e2f5a4c84b81e4907f3aa26858b78c60&oe=5A672FB9					
Anastasia Farms	3061 Smith Road		Canandaigua	NY	14424		(585) 233-6041	Please call	N/A	https://www.facebook.com/AnastasiaFarmsHopewell/	Yes		Yes		Yes				Meat Market						poultry		eggs				http://meatsuite.com/uploads//349020262Whole%20Chicken.JPG?1.1.7						
Autumn's Gate Horseback Riding	1956 Balmer Rd.		Ransomville	NY	14131	Niagara	(716) 791-5051	Mon-Sat. 8:30-7pm; Sundays 12pm-7pm	http://www.autumnsgate.com/	https://www.facebook.com/AutumnsGate/					Yes			Yes	Weddings & Special Events						venue rental						https://scontent-lga3-1.xx.fbcdn.net/v/t1.0-9/554219_274313872671493_1848513560_n.jpg?oh=d1b1f04de43b49a66945e4b4d01608d1&oe=5A66D224	https://scontent-lga3-1.xx.fbcdn.net/v/t1.0-9/13015328_705574619545414_7094430110744786225_n.png?oh=5e6eb8b7d8154bcf9c1c8c15b71a9602&oe=5AAC15CA					
Gallagher Wedding Barn	255 North Gravel Road		Medina	NY	14103	Orleans	585-590-2342	Please call	http://www.thegallagherbarn.com/	https://www.facebook.com/Thegallaghe/					Yes			Yes	Weddings & Special Events						venue rental						https://static1.squarespace.com/static/55e50ec9e4b0447713c24883/55fcb738e4b0347ac88dcb4b/5780e6712e69cfb0b3fd2d40/1468065919624/13576618_1060009937386180_4956687975582388997_o.jpg	https://static1.squarespace.com/static/55e50ec9e4b0447713c24883/55fcb738e4b0347ac88dcb4b/581959e1b3db2be38a3d86f5/1478056425843/14324302_1480097238674109_716524197284017500_o.jpg?format=500w					
Promised Land CSA	2112 County Line Rd 		Alden	NY	14004		(585) 599-3462	Please call	http://promisedlandcsa.com/	https://www.facebook.com/OlesFamilyFarm/		Yes			Yes			Yes	CSA	Meat Market					eggs	beef	poultry										
Murphy Orchards	2402 McClew Road		Burt	NY	14028	Niagara	716-778-7926	May 1 - October 31, open 8:30am to 6:30pm; from November 1 to April 30, 9:00am-4:00pm.	https://www.murphyorchards.com/	https://www.facebook.com/MurphyOrchards/		Yes			Yes			Yes	Gift Shop & Specialty Products						specialty shop	apples											
Sanger Farm & Bakery	852 Lockport Street		Youngstown	NY	14174		716-745-7297	M-F 9am-7pm; Sat. & Sun. 10am-7pm	https://www.sangerfarmsandbakery.com/	https://www.facebook.com/sangerfarms/		Yes			Yes			Yes	Baked Goods	Farm Market					prepared food	strawberries	bakery										
Wyatt's Coop & JAS Farm	4289 Burch Road		Ransomville	NY	14131		(716) 438-8305	Please call		https://www.facebook.com/WyattsCoop/	Yes				Yes			Yes	Meat Market						beef	lamb	poultry										
Seabert Farms & Greenhouse	3682 Ridge Road		Lockport	NY	14094	Niagara	(716) 946-4866	Open seasonally May 1 - Dec. 1	N/A	https://www.facebook.com/seabertfarms/		Yes			Yes			Yes	Farm Market	Nursery & Plants					flowers	specialty vegetables 	specialty fruit				https://scontent-lga3-1.xx.fbcdn.net/v/t1.0-1/p200x200/11129920_1597214140493137_7632411204737430589_n.jpg?oh=8c8f62bffe3d788e8877cfd648c16e59&oe=5AA2FCC7	https://scontent-lga3-1.xx.fbcdn.net/v/t1.0-9/13423851_1736107923270424_8350635507684561198_n.jpg?oh=4bab04de7b5cff6ad9d5b1e115b28c6f&oe=5A9124B4	https://scontent-lga3-1.xx.fbcdn.net/v/t1.0-9/14039933_1761394747408408_7807944057107196250_n.jpg?oh=6f428f066d20e1c470b710124de18589&oe=5AA9A80E				
Three Sisters Garlic	4560 Baer Road		Ransomville	NY	14131	Niagara	(716) 791-7255	Please call	website does not work	https://www.facebook.com/LuvGarlic/		Yes			Yes			Yes	Farm Market						garlic												
Summertime Blooms	2901 Dickersonville Rd		Ransomville	NY	14131	Niagara	 (716) 791-3369	Please call	www.summertimeblooms.com	https://www.facebook.com/STBlooms/					Yes			Yes	Road-Side Stand						flowers												
Willow Creek Farm	10270 Rapids Road		Clarence Center	NY	14032	Erie	(716) 807-5586	Please call	www.willowcreekfamilyfarm.com						Yes			Yes							Horse boarding	Horse riding	hay				http://willowcreekfamilyfarm.com/yahoo_site_admin/assets/images/WCF_sign.225155931_logo.jpg	http://www.willowcreekfamilyfarm.com/yahoo_site_admin/assets/images/WCF_three_horses.223160515_std.jpg					
The Great Pumpkin Farm	11199 Main Street		Clarence	NY	14031	Erie	(716) 759-8483	Seasonal	www.greatpumpkinfarm.com	https://www.facebook.com/GreatPumpkinFarm/				Yes	Yes			Yes	Seasonal Activities	Baked Goods	Gift Shop & Specialty Products	U-Pick			pumpkins/gourds	prepared food	venue rental	specialty shop									
Roberts Farm Market	11170 Maple Ridge Road (Rt 31)		Medina	NY	14103	Orleans	585-798-4247	See website for seasonal hours	www.robertsfarmmarket.com	https://www.facebook.com/RobertsFarmMarketMedina/?fref=nf		Yes		Yes	Yes			Yes	Farm Market	U-Pick	Gift Shop & Specialty Products	Christmas Tree Farm			apples	specialty fruit	pumpkins/gourds	cider	specialty shop	desserts	http://www.robertsfarmmarket.com/images-roberts-farm-market/roberts-farm-market-logo.jpg	http://www.robertsfarmmarket.com/images-roberts-farm-market/roberts-farm-market-medina-ny.jpg					
Roberts Christmas Tree Farm	4263 Salt Works Rd		Medina	NY	14103	Orleans	(585) 798-3450	Weekends only, month of December	www.robertsfarmmarket.com						Yes			Yes	Christmas Tree Farm						christmas trees	specialty shop					http://www.robertsfarmmarket.com/images-roberts-farm-market/christmas-trees.jpg						
Crossen Christmas Tree Farm	1198 Judge Road		Basom	NY	14013		(585) 813-8700	Please call / seasonal	N/A	https://www.facebook.com/crossentrees/					Yes			Yes	Christmas Tree Farm	Gift Shop & Specialty Products					christmas trees	specialty shop											
Johnston's Greenhouse	8638 Ernest Road		Gasport	NY	14067	Niagara	716-735-9160	Seasonal; open May & June	N/A						Yes			Yes	Nursery & Plants						nursery plants	flowers											
Baker Farm Market & U-pick	2100 Youngstown Lockport Road		Ransomville	NY	14131	Niagara	(716) 791-3440	Seasonally, 10am-6pm m-f; 10am-5pm Sat. & Sun. 	N/A	https://www.facebook.com/Baker-Farm-Market-U-Pick-127780083907144/		Yes			Yes			Yes	Farm Market	U-Pick					apples	pumpkins/gourds	hay rides		cider		https://scontent-lga3-1.xx.fbcdn.net/v/t1.0-1/c33.0.200.200/p200x200/47720_149891931695959_5316167_n.jpg?oh=485e1963ddf31a23a25dc6b448365b1e&oe=5A9DD194	https://scontent-lga3-1.xx.fbcdn.net/v/t1.0-9/14725705_1335648966453577_6701494039030658876_n.jpg?oh=221352c33f135203a80d0246356d814f&oe=5A92F446					
The Koller Christmas Tree Farm	792 Mammot Road		Alden	NY	14004		(585) 547-9408	Seasonal	N/A	https://www.facebook.com/KollerTreeFarm/					Yes			Yes	Christmas Tree Farm	Seasonal Activities					christmas trees						https://scontent-lga3-1.xx.fbcdn.net/v/t31.0-8/1961010_390487257771262_6533040551253897875_o.jpg?oh=83ecd0a6b382cca1b15469a87217f50b&oe=5A9B5266						
Asha Sanctuary	2969 Coomer Road		Newfane	NY	14108	Niagara	(716) 249-2555	Please call	N/A	https://www.facebook.com/ashasanctuary/					Yes				Farm Tour/Farm Stay						petting zoo						https://scontent-lga3-1.xx.fbcdn.net/v/t1.0-1/p200x200/21463250_1838896352791644_7393543304639875488_n.jpg?oh=de7db6f675822bfeded08fe1e8c4165e&oe=5AD0BEF3	https://scontent-lga3-1.xx.fbcdn.net/v/t1.0-9/24862096_1924407124240566_6159348093328978923_n.jpg?oh=c6b0f9d400f39375ba93926551be12b0&oe=5A96E907	https://scontent-lga3-1.xx.fbcdn.net/v/t1.0-9/22045689_1850636224950990_2005501358790460833_n.jpg?oh=2a639702af3ab4ecb79a92f80a0c5a0b&oe=5A98569B				
Stone Hollow Farm & Bakery	3807 Stone Road		Middleport	NY	14105		716-735-5094	Closed Sun.-Wed; Thur, Fri, Sat. 11am-6pm	http://www.stonehollowfarmny.com/	https://www.facebook.com/StoneHollowFarm/		Yes			Yes			Yes	Baked Goods	Weddings & Special Events					bread	bakery	desserts	venue rental			http://3.bp.blogspot.com/-qCbtqfeLUfs/UeLeVqdwVCI/AAAAAAAAABw/PD0LsU9XUmw/s1600/stonehollow%2Blogo%2Bwide.jpg						
Rose Gold Honey Farm	14523 East Lee Rd		Albion	NY	14411	Orleans	(585) 205-1054	M-Sat. 9am-7pm, Sun. 9-3		https://www.facebook.com/Rosegoldhoneyfarm/		Yes			Yes			Yes	Maple & Honey						honey						https://scontent-lga3-1.xx.fbcdn.net/v/t1.0-9/13924901_1648756235451810_6542577925518954277_n.jpg?oh=6b4bcabe9d132b9d6246ca434083a732&oe=5A9BFA3D	https://scontent-lga3-1.xx.fbcdn.net/v/t1.0-9/13906890_1649586465368787_5856758736570470943_n.jpg?oh=516e355ace420fb932af1126e3affaed&oe=5AAF5B5C					
Canal Village Farmers Market	127 West Center Street	In the heart of center downtown Medina	Medina	NY	14103	Orleans	(716) 628-3078	Saturdays June-Oct. 9am-1pm		https://www.facebook.com/Canal-Village-Farmers-Market-1628793180740256/		Yes			Yes				Farmers Market						specialty fruit	specialty vegetables	apples	corn	flowers	peaches/apricots	https://scontent-lga3-1.xx.fbcdn.net/v/t1.0-9/24068292_2100872320199004_5682962920949862854_n.jpg?oh=62ec252d37fa8200e20b57124d9ea8ff&oe=5AD1E569	https://scontent-lga3-1.xx.fbcdn.net/v/t1.0-0/c60.0.200.200/p200x200/23915861_2096949847257918_6121109195389469414_n.jpg?oh=74d909c9a8d8f149b8f9f29cf6aeefd4&oe=5ACFB4C4	https://scontent-lga3-1.xx.fbcdn.net/v/t1.0-9/19397179_2018356725117231_2758806804306420779_n.jpg?oh=fa3e1ff840b88ea148165b3b346cd6d8&oe=5A96118C				
Smith's Orchard Cider Mill	4960 Mapleton Road		Pendleton	NY	14094	Niagara	716 625-4316	Fri, Sat. Sun. 9-5pm	http://www.smithsorchard.com/index.php	https://www.facebook.com/smithscidermill/		Yes			Yes			Yes	Farm Market	Gift Shop & Specialty Products	U-Pick				cider	apples	specialty shop				http://www.smithsorchard.com/Smiths-Orchard-Banner850.jpg						
Cherry Bank Farm Cider Mill	5140 Townline Road		Sanborn	NY	14132	Niagara	(716) 731-5749	Open daily 9am-7pm	N/A	https://www.facebook.com/CherryBankCiderMill/		Yes			Yes			Yes	Farm Market	Baked Goods	Gift Shop & Specialty Products				cider	bakery	honey	desserts	specialty shop		https://scontent-lga3-1.xx.fbcdn.net/v/t31.0-8/12068702_911004012268497_4423640363673487396_o.jpg?oh=04137e8b6b9aafaf843cedb867043574&oe=5AA00EF2						
Poppin' Hops Caramel Corn & Kettle Corn	6147 Aiken Road		Pendleton	NY	14094	Niagara	(716) 251-2504	M-F 4pm-9pm; Sat. 10am-10pm; Sun. 10-8pm	N/A	https://www.facebook.com/Poppin-Hops-1925196291048733/		Yes			Yes			Yes	Road-Side Stand						prepared food						https://scontent-lga3-1.xx.fbcdn.net/v/t1.0-9/19990266_1950516975183331_479385610377715519_n.jpg?oh=53ad6dfd104b73756db29ac7a2e438b0&oe=5AA9FD4F						
The Maize - Buffalo Corn Maze	3901 Niagara Falls Blvd. 		North Tonawanda	NY	14120	Niagara	(716) 523-3860	Mon-Thur. 10am-9pm; Fri. & Sat. 10am-11pm; Sun. 10am-9pm seasonal fall hours	https://www.wnymaize.com/	https://www.facebook.com/WNYMaize/					Yes				Seasonal activities						corn maze						https://scontent-lga3-1.xx.fbcdn.net/v/t1.0-9/14051597_1224015227630174_3704267451646880582_n.jpg?oh=8a4b484a59a72c34bd148e2674c4f622&oe=5A8B9766						
West Shore Brewing Company	10995 Main Street 		Clarence	NY	14031	Erie	 (716) 998-3752	Thur. & Fri. 4-8pm; Sat. 12-8pm	http://www.westshorebrewing.com/	https://www.facebook.com/westshorebrewing/		Yes			No				Brewery						beer	prepared food											
Bye's Popcorn	1667 Lockport Olcott Rd		Olcott	NY	14126	Niagara	(716) 778-8218	Sat. & Sun. 1-8pm	http://www.byespopcorn.net/			Yes		Yes	Yes			Yes	Road-Side Stand						prepared food						http://www.byespopcorn.net/images/thumbs/sd-20160913-022159.jpg?1510536266						
Amy Hanssen Training Center	9063 Chestnut Ridge Rd		Middleport	NY	14105	Niagara	(716) 735-7988	Please call	http://www.amyhanssenhorses.com/index.html						Yes			Yes							horseback						http://www.amyhanssenhorses.com/Images/banner.jpg	http://www.amyhanssenhorses.com/Images/2012_PhotoGallery/images/____2015-04_linda-and-Teddy-2015-Linda-Logan-Legal-Treatment2015QHCongress.jpg					
Bowman Farms	11259 Gowanda State Road 		North Collins	NY	14111		716-337-2965	Daily 9am-6pm	http://www.bowmanfarmsinc.com/home.html	https://www.facebook.com/Bowman-Farms-Inc-128592760495039/		Yes			Yes			Yes	Farm Market						corn  	strawberries	tomatoes	specialty vegetables	specialty fruit	pumpkins/gourds	http://0901.nccdn.net/4_2/000/000/060/85f/untitled.png						
Common Roots Urban Farm	309 Peckham Street		Buffalo	NY	14206	Erie	716.292.9109	Seasonal. Call or check website for hours	http://www.commonrootsurbanfarm.com/	https://www.facebook.com/CommonRootsUrbanFarm/?ref=br_rs		Yes			Yes				CSA						specialty vegetables	specialty fruit	garlic	tomatoes	carrots	greens	http://www.commonrootsurbanfarm.com/wp-content/uploads/2016/03/common_roots_color-e1458998583181.jpg	https://scontent-lga3-1.xx.fbcdn.net/v/t31.0-8/256203_272527569518492_833235187_o.jpg?oh=f86a14ab409e4a1302d3aba71b64a9f1&oe=5A61E48C	https://scontent-lga3-1.xx.fbcdn.net/v/t1.0-9/19060168_1179090552195518_6809125706923415404_n.jpg?oh=cdb3113c846423983858c125d13f5efc&oe=5A6365F4				
Wheatfield Pumpkin Farm	6920 Nash Road	(North Tonawanda)	Wheatfield	NY	14120	Niagara	7166936407	Sat. & Sun. 12-4 during fall	http://wheatfieldpumpkinfarm.com/index.htm						Yes			Yes	Seasonal activities	Farm Market					pumpkins/gourds	prepared food	corn maze										
Newfane Methodist Farmer's Market	 2699 Main Street	Newfane United Methodist Church 	Newfane	NY	14108	Niagara		Open June-October, Wed. nights 4:30-7pm	N/A	https://www.facebook.com/Newfane-Methodist-Farmers-Market-1698236687072104/		Yes		Yes	Yes				Farmers Market						specialty vegetables	specialty fruit	music/entertainment	bread	skincare/home products	prepared food							
Spoth's Farm Market	5757 Transit Rd		East Amherst	NY	14051	Erie	 (716) 688-1110	M-F 8:30-7pm; Sat. & Sun. 8:30-6pm	https://spothsfarmmarket.weebly.com/	https://www.facebook.com/SpothsFarmMarket/		Yes			Yes			Yes	Farm Market	Gift Shop & Specialty Products					pumpkins/gourds	specialty vegetables	specialty fruit	christmas trees	flowers	strawberries	https://spothsfarmmarket.weebly.com/uploads/6/7/4/7/6747898/2055645.jpg?294						
LynOaken Farms & Winery	10609 Ridge Rd		Medina				585-798-1060	M-F 10am-5pm, Sat. & Sunday 9am-6pm	http://lynoakenfarms.com/	https://www.facebook.com/LynOakenFarms/		Yes		Yes	Yes			Yes	Winery	Gift Shop & Specialty Products	Farm Market	U-Pick			wine	apples	cider	hard cider	desserts	specialty shop	http://lynoakenfarms.com/wp-content/uploads/ThreeApples23.jpg						
Chateau Buffalo	175 Niagara Frontier Food Terminal		Buffalo				716-704-4671	Friday & Saturday 2pm-7pm	http://www.chateaubuffalo.com/	https://www.facebook.com/chateaubuffalo/		Yes						Yes	Winery	Brewery/Cidery					wine	hard cider					http://www.chateaubuffalo.com/sitebuildercontent/sitebuilderpictures/CB_Logo_Horizontal_2C_CMYK.jpg						
Grand Island Farmers Market	2487 Long Road		Grand Island					Monday 4-7pm, May 15th-Oct. 15th 	https://www.grandislandfarmersmarket.com/	https://www.facebook.com/GIFarms/		Yes			Yes			Yes	Farmers Market						specialty vegetables	specialty fruit	apples	greens	squash	corn							
Graham Family Farm	5171 Tonawanda Creek Road		Pendleton				716-743-0828	Please Call	http://www.grahamfamilyfarm.com	https://www.facebook.com/grahamfamilyfarm/	Yes	Yes			Yes			Yes	Farm Market	Meat Market					poultry	eggs	beans	beets	corn	pumpkins/gourds	http://static1.squarespace.com/static/56fc47ca2b8ddee403654485/t/5702ccf7f8baf310d5875a37/1490573240223						
Koithan Farm	6760 Shawnee Road		North Tonawanda				716-731-5657	when they run out of apples. Mid September until sometime in November. 10am-6pm	N/A	https://www.facebook.com/Koithan-Farm-220709947984467/		Yes			Yes			Yes	Farm Market						apples	cider	pumpkins/gourds				https://scontent-lga3-1.xx.fbcdn.net/v/t1.0-9/12105944_940255129363275_9184105447911599855_n.png?oh=d604424fdc33b3b3cd60ed35b27b4425&oe=5A632895						
Heartland Organics, Inc.	8999 Ridge Road		Gasport				716-984-5475 calls and text messages accepted  for larger orders for pick up	Farm Stand open mid-June through mid-October 8am-8pm	N/A	https://www.facebook.com/HeartlandOrganicsInc/		Yes	Yes		Yes			Yes	Road-Side Stand						zucchini	flowers	herbs	raspberries	mushrooms	greens	https://scontent-lga3-1.xx.fbcdn.net/v/t31.0-8/21688310_890003417814771_6572713554486007580_o.jpg?oh=5756166765d1b7f2373d9ee12a16c9d6&oe=5AD7B756						